<?xml version='1.0' encoding='utf8'?>
<process_network name="top">
	<signal name="fifo_0" moc="sdf" type="St5tupleIJbiiEE" source="maze1" source_port="port_2" target="maze_init" target_port="iport1" />
	<signal name="fifo_1" moc="sdf" type="St5tupleIJbiiEE" source="maze_init" source_port="oport1" target="maze1" target_port="port_0" />
	<signal name="fifo_2" moc="sdf" type="St5tupleIJiiEE" source="maze1" source_port="port_4" target="controller" target_port="port_2" />
	<signal name="fifo_3" moc="sdf" type="St5tupleIJiiEE" source="maze1" source_port="port_4" target="controller_monitor" target_port="port_2" />
	<signal name="fifo_4" moc="sdf" type="St5arrayIbLm4EE" source="maze1" source_port="port_3" target="controller" target_port="port_1" />
	<signal name="fifo_5" moc="sdf" type="8cmd_type" source="controller" source_port="port_4" target="cmd_init" target_port="iport1" />
	<signal name="fifo_6" moc="sdf" type="8cmd_type" source="controller" source_port="port_4" target="controller_monitor" target_port="port_1" />
	<signal name="fifo_7" moc="sdf" type="8cmd_type" source="cmd_init" source_port="oport1" target="maze1" target_port="port_1" />
	<signal name="fifo_8" moc="sdf" type="8cmd_type" source="controller_self_model" source_port="port_3" target="sink" target_port="iport1" />
	<signal name="fifo_9" moc="sdf" type="16controller_state" source="controller" source_port="port_3" target="controller_state" target_port="iport1" />
	<signal name="fifo_10" moc="sdf" type="16controller_state" source="controller_state" source_port="oport1" target="controller" target_port="port_0" />
	<signal name="fifo_11" moc="sdf" type="St5tupleIJ8cmd_typeS_IJiiEEiEE" source="controller_monitor" source_port="port_3" target="controller_monitor_state" target_port="iport1" />
	<signal name="fifo_12" moc="sdf" type="St5tupleIJ8cmd_typeS_IJiiEEiEE" source="controller_monitor" source_port="port_3" target="saf" target_port="port_0" />
	<signal name="fifo_13" moc="sdf" type="St5tupleIJ8cmd_typeS_IJiiEEiEE" source="controller_monitor_state" source_port="oport1" target="controller_monitor" target_port="port_0" />
	<signal name="fifo_14" moc="sadf" type="13sa_state_type" source="saf" source_port="port_1" target="controller_self_model" target_port="port_0" />
	<signal name="maze_odom_out_self" moc="sdf" type="St5tupleIJiiEE" source="maze1" source_port="port_4" target="controller_self_model" target_port="port_2" />
	<signal name="maze_laser_out_self" moc="sdf" type="St5arrayIbLm4EE" source="maze1" source_port="port_3" target="controller_self_model" target_port="port_1" />
	<leaf_process name="maze1">
		<port name="port_1" moc="sdf" type="8cmd_type" direction="in" />
		<port name="port_0" moc="sdf" type="St5tupleIJbiiEE" direction="in" />
		<port name="port_4" moc="sdf" type="St5tupleIJiiEE" direction="out" />
		<port name="port_3" moc="sdf" type="St5arrayIbLm4EE" direction="out" />
		<port name="port_2" moc="sdf" type="St5tupleIJbiiEE" direction="out" />
		<process_constructor name="combMN" moc="sdf">
			<argument name="_func" value="maze_func" />
			<argument name="otoks" value="[1, 1]" />
			<argument name="itoks" value="[1, 1][1, 1, 1]" />
		</process_constructor>
	</leaf_process>
	<leaf_process name="maze_init">
		<port name="iport1" moc="sdf" type="St5tupleIJbiiEE" direction="in" />
		<port name="oport1" moc="sdf" type="St5tupleIJbiiEE" direction="out" />
		<process_constructor name="delay" moc="sdf">
			<argument name="init_val" value="(0, 0, 0)" />
		</process_constructor>
	</leaf_process>
	<leaf_process name="cmd_init">
		<port name="iport1" moc="sdf" type="8cmd_type" direction="in" />
		<port name="oport1" moc="sdf" type="8cmd_type" direction="out" />
		<process_constructor name="delay" moc="sdf">
			<argument name="init_val" value="4" />
		</process_constructor>
	</leaf_process>
	<leaf_process name="controller">
		<port name="port_2" moc="sdf" type="St5tupleIJiiEE" direction="in" />
		<port name="port_1" moc="sdf" type="St5arrayIbLm4EE" direction="in" />
		<port name="port_0" moc="sdf" type="16controller_state" direction="in" />
		<port name="port_4" moc="sdf" type="8cmd_type" direction="out" />
		<port name="port_3" moc="sdf" type="16controller_state" direction="out" />
		<process_constructor name="combMN" moc="sdf">
			<argument name="_func" value="controller_func" />
			<argument name="otoks" value="[1, 1, 1]" />
			<argument name="itoks" value="[1, 1, 1][1, 1]" />
		</process_constructor>
	</leaf_process>
	<leaf_process name="controller_state">
		<port name="iport1" moc="sdf" type="16controller_state" direction="in" />
		<port name="oport1" moc="sdf" type="16controller_state" direction="out" />
		<process_constructor name="delay" moc="sdf">
			<argument name="init_val" value="0" />
		</process_constructor>
	</leaf_process>
	<leaf_process name="controller_monitor">
		<port name="port_2" moc="sdf" type="St5tupleIJiiEE" direction="in" />
		<port name="port_1" moc="sdf" type="8cmd_type" direction="in" />
		<port name="port_0" moc="sdf" type="St5tupleIJ8cmd_typeS_IJiiEEiEE" direction="in" />
		<port name="port_3" moc="sdf" type="St5tupleIJ8cmd_typeS_IJiiEEiEE" direction="out" />
		<process_constructor name="combMN" moc="sdf">
			<argument name="_func" value="controller_monitor_func" />
			<argument name="otoks" value="[1, 1, 1]" />
			<argument name="itoks" value="[1, 1, 1][1]" />
		</process_constructor>
	</leaf_process>
	<leaf_process name="controller_monitor_state">
		<port name="iport1" moc="sdf" type="St5tupleIJ8cmd_typeS_IJiiEEiEE" direction="in" />
		<port name="oport1" moc="sdf" type="St5tupleIJ8cmd_typeS_IJiiEEiEE" direction="out" />
		<process_constructor name="delay" moc="sdf">
			<argument name="init_val" value="(4, (0, 0), 0)" />
		</process_constructor>
	</leaf_process>
	<leaf_process name="controller_self_model">
		<port name="port_0" moc="sadf" type="13sa_state_type" direction="in" />
		<port name="port_2" moc="sadf" type="St5tupleIJiiEE" direction="in" />
		<port name="port_1" moc="sadf" type="St5arrayIbLm4EE" direction="in" />
		<port name="port_3" moc="sadf" type="8cmd_type" direction="out" />
		<process_constructor name="kernelMN" moc="sadf">
			<argument name="_func" value="controller_self_model_func" />
			<argument name="scenario_table" value="[(0, ([0, 0], [0])), (1, ([1, 1], [1]))]" />
		</process_constructor>
	</leaf_process>
	<leaf_process name="saf">
		<port name="port_0" moc="sadf" type="St5tupleIJ8cmd_typeS_IJiiEEiEE" direction="in" />
		<port name="port_1" moc="sadf" type="13sa_state_type" direction="out" />
		<process_constructor name="detectorMN" moc="sadf">
			<argument name="cds_func" value="safcds_func" />
			<argument name="kss_func" value="safkss_func" />
			<argument name="scenario_table" value="[(0, [1]), (1, [1])]" />
			<argument name="init_sc" value="[(0, [1]), (1, [1])]0" />
			<argument name="itoks" value="[(0, [1]), (1, [1])]0[1]" />
		</process_constructor>
	</leaf_process>
	<leaf_process name="sink">
		<port name="iport1" moc="sdf" type="8cmd_type" direction="in" />
		<process_constructor name="sink" moc="sdf">
			<argument name="_func" value="sink_func" />
			<argument name="i1toks" value="1" />
		</process_constructor>
	</leaf_process>
</process_network>